created_at,retweet_count,reply_count,like_count,quote_count,bookmark_count,impression_count,title,edit_history_tweet_ids,id,author_id,Category,engagement,total_engagement
2025-03-07T08:19:30.000Z,1,1,2,0,0,98,"It's Complicated

Confetti avalanche. Totally understand why he ate one in an earlier stop. I nearly ate some too so I blocked my mouth with the hand banner lol

Full: https://t.co/7Dmsa66Xko

#YESUNG #2025_YESUNG_CONCERT_Its_Complicated_in_SINGAPORE https://t.co/ekMIJW0Iuh",1897925059878261058,1897925059878261058,1289369968484610048,Music,102,102
2025-03-07T09:25:42.000Z,0,1,5,0,0,185,"Ending ment

The blind date went well, could we meet again please? ü•π

Oh and he didn't squeeze Yenyang at all. But Yenyang was also facing his thigh the whole time ü§£

Full: https://t.co/STZ7gcyhFL

#YESUNG #2025_YESUNG_CONCERT_Its_Complicated_in_SINGAPORE https://t.co/y9y5wW593G",1897941718479311136,1897941718479311136,1289369968484610048,Music,191,191
2025-03-07T09:03:11.000Z,1,1,4,0,0,122,"Silhouette 

He sang this so darn well. Really. Argh. Also I love this song much.

Look at that big heart he gave us behind the curtain at the start awww

Full: https://t.co/LAMPWXxZrV

#YESUNG #2025_YESUNG_CONCERT_Its_Complicated_in_SINGAPORE https://t.co/pHGl7KdSzl",1897936051773358454,1897936051773358454,1289369968484610048,Music,128,128
2025-03-05T05:46:22.000Z,109,0,177,0,0,2109,"FREEN X VALENTINO 
for GRAZIA SINGAPORE

Please engage with Grazia SG TikTok update, it‚Äôs part of PFW MIV.

https://t.co/yrvpsJZjHV

üëçüèº Like
üí¨ Coment
üîÅ Share 
üîñ Bookmark 

#srchafreen 
#ValentinoFW25xFreen
#VALENTINOGARAVANI https://t.co/evrqaY8Vax",1897161745401307610,1897161745401307610,1704835705086631936,How-to & Style,2395,2395
2025-03-06T00:13:32.000Z,61,0,111,0,0,1343,"Heto na! Heto na! üçé

A‚ÄôTIN, we did THAT! ‚ÄòDAM‚Äô MV by SB19 has unlocked its first 10 million views in YouTube! üî• The power and support for SB19 is on another level. What else can we say except DAM! 

Keep streamingüëá 
üîó https://t.co/wQyrkboQUn

DAM SAMPUNG MILYON NA‚Ä¶ https://t.co/P56PublzFJ https://t.co/p9yrisBjCZ",1897440375058616735,1897440375058616735,1230119449237131266,Music,1515,1515
2025-03-04T15:44:24.000Z,1,1,2,0,0,131,"My Dear

To have this come on after the VCR that ends off with him asking us how's our day ü•π Can anyone understand my love for the ""hmmms"" in this song? 
What a healing song ü•π

Full: https://t.co/N9XaqZfmxl

#YESUNG #2025_YESUNG_CONCERT_Its_Complicated_in_SINGAPORE https://t.co/O70EUq1QDd",1896949856901755066,1896949856901755066,1289369968484610048,Music,135,135
2025-03-03T10:50:04.000Z,242,1,339,2,16,6389,"Please support like, comment and shareüôè

#ValentinoFW25xFreen
#ValentinoFW25
#VALENTINOGARAVANI
#srchafreen #FreenSarocha

https://t.co/wFOTci25lz
https://t.co/rbYilosG7i
 
Grazia Singapore    Grazia Malaysia https://t.co/WAmQDoWJ60",1896513399250710754,1896513399250710754,1706220536442056704,How-to & Style,6989,6989
2025-03-07T10:10:22.000Z,3,1,5,0,0,179,"Slide Away + Ending

It's always a carefree feeling listening to this live.

Full: https://t.co/EgSB4xbJ3v

#YESUNG #2025_YESUNG_CONCERT_Its_Complicated_in_SINGAPORE https://t.co/hQXq5rwx11",1897952958060400873,1897952958060400873,1289369968484610048,Music,188,188
2025-03-06T16:52:12.000Z,1,1,4,0,0,135,"Easy 

Easiest choreo ever. 
And he didn't wear shades!! 

Full: https://t.co/ip2w4MKDFw

#YESUNG #2025_YESUNG_CONCERT_Its_Complicated_in_SINGAPORE https://t.co/4II8iC5x70",1897691698412896686,1897691698412896686,1289369968484610048,Music,141,141
2025-03-07T05:08:36.000Z,446,6,532,3,11,6814,"Check out GRAZIA Singapore's video!  

üîóhttps://t.co/p20MEF4nxo

#srchafreen 
#ValentinoFW25xFreen
#VALENTINOGARAVANI
#ParisFashionWeek #PFW https://t.co/eeIxNQiwN8",1897877015681794468,1897877015681794468,1754657994577424384,How-to & Style,7812,7812
2025-03-06T13:47:56.000Z,12,0,16,1,0,1733,"üìçYoutube : GRAZIA Singapore

üîó https://t.co/j53KjAUh5m",1897645325088952374,1897645325088952374,1847282968425099265,How-to & Style,1762,1762
2025-03-07T06:54:26.000Z,4,0,4,0,0,197,"üéµT-POP Stage 
ü™êCOSMOSSUN - ‡∏Ñ‡∏¥‡∏î (KISS)‡∏ñ‡∏∂‡∏á
üîÆLOOKKAEW FOCUS

üîó https://t.co/eregYfjcJ0

SUMMER LOVE WITH LK 07
#lookkaewkamollak
#‡∏•‡∏π‡∏Å‡πÅ‡∏Å‡πâ‡∏ß‡∏Å‡∏°‡∏•‡∏•‡∏±‡∏Å‡∏©‡∏ì‡πå
Cr: T-POP STAGE YouTube https://t.co/UIbNsRlvME",1897903652129432025,1897903652129432025,1744361159229059072,Music,205,205
2025-03-05T16:24:04.000Z,1,2,4,0,0,5025,"Should you marry for a home? Singapore‚Äôs famous public housing system is not without its own social quirks. 

@DextLow explains https://t.co/QiYqeIA4gW https://t.co/l5Jt001V3N",1897322227902578797,1897322227902578797,252751061,News & Politics,5032,5032
2025-03-06T11:30:35.000Z,17,2,19,1,0,2343,"Are we waiting on the live stream? Lets drop many orange hearts üß° in the comments!! ‚¨áÔ∏è 

üì∫: https://t.co/lzCh9D3x5x

KHUEN FAO PHI X EMI  

#‡πÄ‡∏£‡∏∑‡πà‡∏≠‡∏á‡πÄ‡∏•‡πà‡∏≤‡∏Ñ‡∏∑‡∏ô‡πÄ‡∏ù‡πâ‡∏≤‡∏ú‡∏µ2568",1897610760836284755,1897610760836284755,1803287574309642240,Entertainment,2382,2382
2025-03-03T07:52:24.000Z,69,0,86,0,1,830,"Check out GRAZIA Singapore's video! 
 
üñáÔ∏èhttps://t.co/1eZNOZZEpD

#ValentinoFW25xFreen
#VALENTINOGARAVANI
#srchafreen #FreenSarocha
#GRAZIASingapore https://t.co/mKSJFsu5C9",1896468686267170938,1896468686267170938,1675296957752025088,How-to & Style,986,986
2025-03-07T05:25:49.000Z,81,0,88,0,3,1460,"Check out GRAZIA Singapore's video! 

üîó https://t.co/9qjpO4dasS

#ValentinoFW25xFreen
#VALENTINOGARAVANI
#ParisFashionWeek #PFW
#srchafreen #FreenSarocha
#GRAZIASingapore",1897881351116013633,1897881351116013633,1618925885884858370,How-to & Style,1632,1632
2025-03-07T05:34:02.000Z,46,0,68,0,0,987,"Check out GRAZIA Singapore's video!

üîóhttps://t.co/6KvYvLaBin

#ValentinoFW25xFreen
#VALENTINOGARAVANI
#srchafreen #FreenSarocha
#ParisFashionWeek #PFW #AW25
#GRAZIASingapore",1897883419356573946,1897883419356573946,713926652,How-to & Style,1101,1101
2025-03-07T08:02:58.000Z,1,1,0,0,0,115,"Bear Hug

Thank you everyone for not sitting down after Easy. His handwritten lyrics sobs. This song will never not hit me no matter how many times I hear it live. Ever.

Full: https://t.co/uL785P1GpR

#YESUNG #2025_YESUNG_CONCERT_Its_Complicated_in_SINGAPORE https://t.co/Oi1bOdCpNV",1897920899493285966,1897920899493285966,1289369968484610048,Music,117,117
2025-03-06T07:23:01.000Z,214,1,236,0,4,3103,"Check out GRAZIA Singapore's video!  

üîóhttps://t.co/7MNh52q6YM

#srchafreen 
#ValentinoFW25xFreen
#VALENTINOGARAVANI
#ParisFashionWeek #PFW",1897548455234453808,1897548455234453808,1754657994577424384,How-to & Style,3558,3558
2025-03-05T04:04:39.000Z,461,2,513,4,18,4865,"Check out GRAZIA Singapore's video! 

üîóhttps://t.co/myOSHxfzTs

#srchafreen 
#ValentinoFW25xFreen
#VALENTINOGARAVANI
#ParisFashionWeek #PFW https://t.co/LftdG2LqYC",1897136149334016153,1897136149334016153,1754657994577424384,How-to & Style,5863,5863
2025-03-04T10:06:05.000Z,0,1,3,1,2,6342,"Should you marry for a home? Singapore‚Äôs famous public housing system is not without its own social quirks. 

@DextLow explains https://t.co/FljoimiE4W https://t.co/cPyEbL3U7x",1896864719069200458,1896864719069200458,252751061,News & Politics,6349,6349
2025-03-03T14:19:58.000Z,225,1,319,1,9,4923,"FREEN X VALENTINO 
for GRAZIA SINGAPORE

Please engage with Grazia SG TikTok update, it‚Äôs part of PFW MIV.

https://t.co/QFGBOORanI

üëçüèº Like
üí¨ Coment
üîÅ Share 
üîñ Bookmark 

#srchafreen 
#ValentinoFW25xFreen
#VALENTINOGARAVANI https://t.co/7B3bdwifzP",1896566222344585579,1896566222344585579,1704835705086631936,How-to & Style,5478,5478
2025-03-05T14:45:24.000Z,13,0,11,0,1,154,"Check out GRAZIA Singapore's video! #TikTok https://t.co/ibL8ZetKBM

@valentinoTH

#ValentinoFW25xFreen
#VALENTINOGARAVANI
#ParisFashionWeek #PFW
#srchafreen
#FreenSarocha 
#GRAZIASingapore 
ü•πü´†üòçüò±ü´Ç‚ôæÔ∏èüíãüå∑",1897297398776652094,1897297398776652094,1694526030797582337,How-to & Style,179,179
2025-03-05T05:13:56.000Z,8,0,6,0,1,352,"#srchafreen
#ValentinoFW25xfreen
#GRAZIAMalaysiaxFreen
#GRAZIASingaporexFreen
Check out GRAZIA Singapore's video! #TikTok https://t.co/ZcI4Vd5FaC",1897153582547526118,1897153582547526118,1142481696,How-to & Style,367,367
2025-03-01T11:51:29.000Z,297,2,471,2,5,4584,"[ Trending in YouTube Singapore ] üá∏üá¨

SB19‚Äôs ‚ÄòDAM‚Äô MV is now #5 on Trending for Music on YouTube in Singapore! 

Let‚Äôs keep sharing the video and aim for the top üìà

üîó https://t.co/aqglPKEvQv

BUNGA NG MGA HIRAYA 
DAM LIMANG MILYON NA
@SB19Official #SB19
#SB19DAM‚Ä¶ https://t.co/xHu4IIhq0J https://t.co/YzWH4gxfiK",1895804080154653151,1895804080154653151,1230119449237131266,Music,5361,5361
2025-03-07T03:56:31.000Z,0,0,2,0,0,1010,"üåû Top of the Morning ‚òïÔ∏è

üìâüìà Stock Market Ready For A Comeback?
ü§ù Razorpay's Global Play: Razorpay is making bold moves beyond India, expanding into Singapore after its success in Malaysia.
ü§ëGame-Changing Mudra Loans and more...

üì∫Watch here üëá
https://t.co/KCmlLtu57n‚Ä¶ https://t.co/vBPUGSCeWq https://t.co/jAIpKcz3SL",1897858878525915445,1897858878525915445,17673635,News & Politics,1012,1012
2025-03-06T09:58:42.000Z,11,0,11,0,0,369,"Attention Singapore mewlions! 

#MewSuppasit @MSuppasit #‡∏°‡∏¥‡∏ß‡∏®‡∏∏‡∏†‡∏®‡∏¥‡∏©‡∏è‡πå 

Check out Thann Singapore's video! #TikTok https://t.co/d1eUkxR0lC",1897587635201396759,1897587635201396759,1555171977970626561,Entertainment,391,391
2025-03-07T12:30:00.000Z,0,1,0,0,0,575,"KICK-OFF! Geylang vs Balestier #SPL #GEYBAL

LIVE ‚û°Ô∏è YouTube (https://t.co/NM7dqLFdtL), meWATCH (https://t.co/advz4YGsad), Singtel Ch 112 https://t.co/GeU9nktStE",1897988099277570172,1897988099277570172,574434636,Sports,576,576
2025-03-07T09:26:51.000Z,34,0,39,0,0,564,"#GIRLFREEN NEED more Engagement here! Views below 7K likes under 2K! All other have good engagement let's make sure all posts are engaged. 

#ValentinoFW25xFreen
#VALENTINOGARAVANI
#ParisFashionWeek
#srchafreen #FreenSarocha
 https://t.co/vhnRZv6AyS",1897942006837788863,1897942006837788863,1746109125770321920,How-to & Style,637,637
2025-03-01T13:48:26.000Z,10,1,10,0,2,391,"Soundcheck: Scented Things

His voice just... transports you to another realm. 

Full: https://t.co/nNzem4j5dM

#YESUNG #2025_YESUNG_CONCERT_Its_Complicated_in_SINGAPORE https://t.co/XkswsDEHqC",1895833509429903459,1895833509429903459,1289369968484610048,Music,414,414
2025-03-02T04:37:06.000Z,0,1,1,0,0,152,"Between

He's so bouncy for this song, and way too much tongue dude. 

Full: https://t.co/iQKCqgZrzV

#YESUNG #2025_YESUNG_CONCERT_Its_Complicated_in_SINGAPORE https://t.co/c9Yn8TvYOR",1896057151233409350,1896057151233409350,1289369968484610048,Music,154,154
2025-03-04T15:54:34.000Z,1,1,1,0,0,130,"4 Seasons

Love the songs from the SensFlo album so much. They suit him so well.

Full: https://t.co/wwsfdNlYKS

#YESUNG #2025_YESUNG_CONCERT_Its_Complicated_in_SINGAPORE https://t.co/3s3PyGXZmf",1896952416085631343,1896952416085631343,1289369968484610048,Music,133,133
2025-03-04T14:33:27.000Z,0,0,3,0,0,2712,"Should you marry for a home? Singapore‚Äôs famous public housing system is not without its own social quirks. 

@DextLow explains https://t.co/z1DoOAs4Md https://t.co/Zru2mfupr8",1896932004236570695,1896932004236570695,35002876,News & Politics,2715,2715
2025-03-04T14:32:57.000Z,1,3,7,0,2,19468,"Should you marry for a home? Singapore‚Äôs famous public housing system is not without its own social quirks. 

@DextLow explains https://t.co/DATgN0ro6U https://t.co/16Ihmi485n",1896931877757325479,1896931877757325479,34713362,News & Politics,19481,19481
2025-03-06T23:41:54.000Z,7,0,6,0,0,140,Check out GRAZIA Singapore's video! #TikTok https://t.co/oOJqYql5VW,1897794802277925196,1897794802277925196,1492867904018468864,How-to & Style,153,153
2025-03-04T14:33:05.000Z,0,0,0,0,0,689,"Should you marry for a home? Singapore‚Äôs famous public housing system is not without its own social quirks. 

@DextLow explains https://t.co/1aZ9cPUNNf https://t.co/wV8G48CzY8",1896931911206928498,1896931911206928498,588261604,News & Politics,689,689
2025-03-02T18:04:02.000Z,19,0,67,0,5,1163,"250220 Apink Concert [PINK NEW YEAR] In Singapore | Ï¥àÎ°± solo stage | GIVE ME MORE| Fancam #Î∞ïÏ¥àÎ°± #ÏóêÏù¥ÌïëÌÅ¨

Full
https://t.co/rN3ejmWH2j https://t.co/DktwMP3dbX",1896260224195146057,1896260224195146057,1587418736222314496,Music,1254,1254
2025-03-06T11:47:53.000Z,29,0,37,0,0,592,"Let's do this fams üî•
GRAZIA Singapore new Post on tiktok ü•∞üòò

‚ù§Ô∏è| Like     üí¨| Comment üîÉ | Share 

üîó https://t.co/eiIs9o10fc

#srchafreen
#FreenSarocha 
#GRAZIASingapure
#VALENTINOGARAVANI
#ValentinoFW25
#ParisFashionWeek2025 https://t.co/3PKRom35kF",1897615111784919094,1897615111784919094,1843214289626357760,How-to & Style,658,658
2025-03-05T12:41:35.000Z,0,0,1,0,0,61,"Xiao Zhan Studio has opened up their Instagram and Youtube accounts~
Instagram: https://t.co/wue6YZiChi
Youtube: https://t.co/T04wNxOy3P https://t.co/N4nmrDUJ42",1897266238574997716,1897266238574997716,1542514794271371267,Entertainment,62,62
2025-03-07T10:00:03.000Z,0,0,0,0,0,1,"Partners in Harvest Prayer Night will be starting in one hour at 7pm GMT+8. Join us as we pray for the harvest!       

Watch online here: https://t.co/Jri5HkEuOO https://t.co/HogFBF4hTy",1897950361350000715,1897950361350000715,390657053,People & Blogs,1,1
2025-03-06T20:25:06.000Z,1,0,3,0,0,5852,"Should you marry for a home? Singapore‚Äôs famous public housing system is not without its own social quirks. 

@DextLow explains https://t.co/Qnq61jz69t https://t.co/zhZyfqoUME",1897745273704632349,1897745273704632349,252751061,News & Politics,5856,5856
2025-03-07T09:11:53.000Z,0,0,0,0,0,3,"Singapore, a bus was on fire
https://t.co/icij0BnLO7",1897938242852602146,1897938242852602146,1868172586200555520,News & Politics,3,3
2025-03-05T10:31:16.000Z,0,1,1,0,0,8,"Must Visit Ramadan Bazaar with 500 stalls of goods and Food.üåØüç´üßã
https://t.co/JBp42UdQKj",1897233443416838277,1897233443416838277,931940264,Travel & Events,10,10
2025-03-07T09:07:56.000Z,0,0,0,0,0,8,"Singapore, a car was on fire.
https://t.co/QCstkN09iF",1897937247812702528,1897937247812702528,1868172586200555520,News & Politics,8,8
2025-03-05T13:54:47.000Z,0,0,0,0,0,11,"Still holding strong at #7 on trending for music, Singapore.

@SB19Official #DAM
https://t.co/GbCcpDY31O https://t.co/OBbPSqApK4",1897284658574090434,1897284658574090434,2367178153,Music,11,11
2025-03-07T01:33:09.000Z,0,0,0,0,0,7,"20241007 TikTok Live 14 (Primary 4) 

Check out singapore_math_hacks's video! #TikTok https://t.co/tvwUcaewTl",1897822798607008051,1897822798607008051,1815963988745936898,Education,7,7
2025-03-05T01:25:23.000Z,14,2,11,1,0,444,"Engage againn~

JISOO ATTENDS DIOR PFW 
#JISOOxDiorAW25

Check out Her World Singapore's video! #TikTok https://t.co/zdzGoFTRNY",1897096069026336883,1897096069026336883,1319480990603997184,How-to & Style,472,472
2025-03-06T13:32:29.000Z,5,0,13,1,0,240,"Singapore Memories ü•≥
.
@kumaran_kural  X @vj_vasanth_ 
.
Full Video : https://t.co/MvUeRd04b2

#MuthukumaranArmy #Muthu #MuthukumaranìÉ∂ #Muthukumaran #biggboss8tamil #BiggBossTamil #BiggBossTamilSeason8",1897641437237526892,1897641437237526892,1351381585157906432,Vlogs,259,259
2025-03-02T06:18:27.000Z,2,1,3,0,0,177,"Like Us (from Sensory Flows album)

Bouncy Yesung continues from the intro itself. I like the band arrangement of this song! 

Full: https://t.co/4s7drVBL8p

#YESUNG #2025_YESUNG_CONCERT_Its_Complicated_in_SINGAPORE https://t.co/OQ1sFjyZzP",1896082657056084002,1896082657056084002,1289369968484610048,Music,183,183
2025-03-06T05:07:10.000Z,0,0,1,0,0,95,"üö® BUBBLE ALERT: Is the S&amp;P 500 about to crash 50% or just taking a breather? üìâ

In my latest video, I break down Wall Street's wildly  different 2025 predictions (from +20% to -40%!) and what Singapore  investors should do.

Watch here üëâ https://t.co/US9uUjDyVW

#investing",1897514269962633559,1897514269962633559,1889514462232903680,News & Politics,96,96
2025-03-07T08:32:14.000Z,0,0,0,0,0,8,#DiplomatChallenge2024 #DiplomatChallenge2025 | How the Vatican's Embassies Work https://t.co/PdskC37AsJ via @YouTube,1897928261696729207,1897928261696729207,242775158,News & Politics,8,8
2025-03-07T09:10:04.000Z,0,0,0,0,0,2,"Singapore, a ban rammed into the car
https://t.co/VtrQU57HTF",1897937784301928906,1897937784301928906,1868172586200555520,News & Politics,2,2
2025-03-07T12:58:04.000Z,0,1,0,0,0,121,"GOAL 25' Geylang 0-1 Balestier #SPL 

Kodai Tanaka brilliantly controls a long ball over the top before calmly lifting an effort past Rudy Khairullah for the opening goal! #GEYBAL

LIVE ‚û°Ô∏è YouTube (https://t.co/NM7dqLFdtL), meWATCH (https://t.co/advz4YGsad), Singtel Ch 112 https://t.co/ug7S6cdNiW",1897995161046859979,1897995161046859979,574434636,Sports,122,122
2025-03-06T08:57:53.000Z,5,0,5,0,0,411,"Star Signs With Freen Sarocha

https://t.co/RD91MulkEL

YouTube : GRAZIA Singapore

#srchafreen 
#ValentinoFW25xFreen
#VALENTINOGARAVANI
#ParisFashionWeek",1897572330072846601,1897572330072846601,992792985338200065,How-to & Style,421,421
2025-03-06T12:01:45.000Z,136,4,176,3,1,4573,"Video in Grazia Singapore only 1.947 views and 700 likes. Please keep engage girlfreens!

üîóhttps://t.co/ZvnLjwx75o

#ValentinoFW25xFreen
#VALENTINOGARAVANI
#srchafreen #FreenSarocha
#ParisFashionWeek #PFW #AW25
#GRAZIASingapore https://t.co/NtxLfnbTei",1897618603630895175,1897618603630895175,713926652,How-to & Style,4893,4893
2025-03-07T08:40:22.000Z,0,0,3,0,0,29,"üí° Dermatologist-Recommended Skincare Routine üí°

‚úÖ Cleanse ‚Äì Gentle face wash
‚úÖ Moisturize ‚Äì Hydration is key
‚úÖ Sunscreen ‚Äì SPF 30+ daily
‚úÖ Actives ‚Äì Vitamin C, Retinol, Niacinamide (if needed)

For expert skincare insights üéôÔ∏èüëá
üîó https://t.co/fsWUWoatDK

#SkincareRoutine",1897930310005739746,1897930310005739746,3142878378,How-to & Style,32,32
2025-03-06T11:13:30.000Z,19,0,28,0,0,824,"Have you watched Freen's interview on Grazia Singapore?

https://t.co/vMDVrBoioU

#GRAZIASingapore 
#srchafreen
#ValentinoFW25xFreen
#VALENTINOGARAVANI",1897606458206011536,1897606458206011536,25247011,People & Blogs,871,871
2025-03-06T10:37:31.000Z,0,0,0,0,0,208,"Remember a world before ChatGPT? Our experts dive into how #AI has revolutionised our lives and explored the driving forces behind its rapid growth in recent years.

Catch the full episode at https://t.co/GZVeoxOICR

#Data #SmartNationSG #TechForPublicGood‚Ä¶ https://t.co/xzkQjd536R https://t.co/kxXCDCvSLJ",1897597402561081444,1897597402561081444,123167035,Science & Technology,208,208
2025-03-07T13:21:56.000Z,0,1,0,0,0,135,"HALF-TIME Geylang 1-1 Balestier #SPL 

All square at the break! #GEYBAL

LIVE ‚û°Ô∏è YouTube (https://t.co/NM7dqLEFEd), meWATCH (https://t.co/advz4YFUkF), Singtel Ch 112 https://t.co/wMJXdLojdn",1898001168636199299,1898001168636199299,574434636,Sports,136,136
2025-03-07T08:00:40.000Z,0,0,0,0,0,7,Jamus Lim calls for reinstating Thaipusam as a public holiday in Singapore https://t.co/swOnTwUOjT via @YouTube,1897920317718134880,1897920317718134880,27378369,News & Politics,7,7
2025-03-03T03:21:07.000Z,9,1,20,1,0,568,"You‚Äôre more than the word ‚ÄòLove‚Äô üé∂ 

üöÄ Can we reach 800K views before Emi‚Äôs schedule later today? üí• 

üì∫: https://t.co/NaxBtzaqzM

#MoreThanWords_MV #emiamily https://t.co/erJ42O0uM1",1896400416579227649,1896400416579227649,1803287574309642240,Music,599,599
2025-03-06T14:50:20.000Z,5,0,4,0,1,127,Check out GRAZIA Singapore's video! #TikTok https://t.co/72sIzGX8Ap,1897661026415604167,1897661026415604167,1492867904018468864,How-to & Style,137,137
2025-03-04T11:10:00.000Z,19,0,21,0,1,366,"Livestream can be watched here later: 

https://t.co/QbVHOTaEez

LINGORM AT PFW2025
#LingOrmDiorAW25 https://t.co/dwQ1nRbWLW",1896880802895675647,1896880802895675647,1809435792651218945,How-to & Style,407,407
2025-03-03T09:59:41.000Z,20,0,64,1,15,2286,"250301 AAA TOUR BY HYUKOH &amp; SUNSET ROLLERCOASTER in Singapore

My Jinji: https://t.co/W3zN9Ax3dN 
Comes and Goes: https://t.co/nVqItk5XLG
Wanli &amp; Citizen Kane: https://t.co/arcrnnox0t
Young Man: https://t.co/oaohRi7gOt 
 
#hyukoh #ÌòÅÏò§ https://t.co/GHTewO65p1",1896500719412527247,1896500719412527247,3304001092,Music,2386,2386
2025-03-06T00:40:22.000Z,0,0,0,0,0,2,"20241005 TikTok Live 12 (Primary 3) 

Check out singapore_math_hacks's video! #TikTok https://t.co/AF3bZ1M6cV",1897447125899985105,1897447125899985105,1815963988745936898,Education,2,2
2025-03-05T23:56:47.000Z,0,0,0,0,0,5,"20241004 TikTok Live 11 (Primary 4) 

Check out singapore_math_hacks's video! #TikTok https://t.co/fHh9b9IoUt",1897436157723721978,1897436157723721978,1815963988745936898,Education,5,5
2025-03-06T16:44:57.000Z,1,1,4,0,0,135,"Ment 4

By now our screams have intensified. The way he shushed us was so cute.
Do not ask us to choose which album we like best! We like all of them!

Full: https://t.co/tRgjpOjDP6

#YESUNG #2025_YESUNG_CONCERT_Its_Complicated_in_SINGAPORE https://t.co/tKn5HXcJtz",1897689872770748642,1897689872770748642,1289369968484610048,Music,141,141
2025-03-07T05:56:50.000Z,6,0,7,0,0,110,"Check out GRAZIA Singapore's video! 

üîóhttps://t.co/5dBPOYVZVn

#ValentinoFW25xFreen
#ValentinoFW25 #AW25
#VALENTINOGARAVANI
#ParisFashionWeek 
#PFW #ParisFashionWeek2025
#srchafreen #FreenSarocha",1897889155905937914,1897889155905937914,1549637216519200769,How-to & Style,123,123
2025-03-04T07:17:52.000Z,41,1,58,3,5,1248,"Jisoo‚Äôs Amortage pop-up store in Singapore. 

Check out sseoul.sam's video! #TikTok https://t.co/md102DYvkh",1896822383874556375,1896822383874556375,1358544108134912000,How-to & Style,1356,1356
2025-03-06T07:16:44.000Z,41,0,52,0,0,850,"Check out GRAZIA Singapore's video! 

üîóhttps://t.co/4xzBopS9yM

#ValentinoFW25xFreen
#VALENTINOGARAVANI
#srchafreen #FreenSarocha
#ParisFashionWeek #PFW #AW25
#GRAZIASingapore",1897546876662022651,1897546876662022651,713926652,How-to & Style,943,943
2025-03-06T07:11:34.000Z,28,0,25,0,1,551,"Check out GRAZIA Singapore's video! #TikTok https://t.co/O9QKN72cYV

#ValentinoFW25xFreen
#VALENTINOGARAVANI
#ParisFashionWeek #PFW
#srchafreen #FreenSarocha
#GRAZIASingapore",1897545573701472753,1897545573701472753,1701845499060600832,How-to & Style,605,605
2025-03-07T10:00:12.000Z,0,0,0,0,0,2,"20241010 TikTok Live 16 (Primary 4) 

Check out singapore_math_hacks's video! #TikTok https://t.co/hF0CHYtwUI",1897950401749463320,1897950401749463320,1815963988745936898,Education,2,2
2025-03-02T12:30:00.000Z,0,1,1,0,1,654,"KICK-OFF! Balestier vs BG Pathum #SGCup #BALBGP

LIVE ‚û°Ô∏è YouTube (https://t.co/meNq1cnCWf), meWATCH (https://t.co/advz4YGsad), Singtel Ch 111 https://t.co/OtXxsU0H0W",1896176159899123774,1896176159899123774,574434636,Sports,657,657
2025-03-05T09:24:09.000Z,4,0,33,1,0,495,"What an incredible Vyvo Weekend Getaway in South Korea! Our top Influencers from Malaysia and Singapore celebrated in style, exploring landmarks, tasting authentic cuisine, and more!
https://t.co/ej1zhoYQzE

#Vyvo #FutureMakers #VyvoSocialFi #VyvoInfluencers",1897216551268573256,1897216551268573256,1621031565919940609,Travel & Events,533,533
2025-03-07T09:21:52.000Z,0,0,0,0,0,4,"20241009 TikTok Live 15 (Primary 5) 

Check out singapore_math_hacks's video! #TikTok https://t.co/18tr4n9ku8",1897940753948557518,1897940753948557518,1815963988745936898,Education,4,4
2025-03-06T06:30:18.000Z,0,0,1,0,0,112,"üá±üá∞ Our policy makers should view this. Interesting indeed!
https://t.co/m75YDS8Gwm",1897535191587152227,1897535191587152227,1521064225686401024,News & Politics,113,113
2025-03-07T02:54:22.000Z,0,0,0,0,0,4,"20241007 TikTok Live 14 (Primary 4) 

Check out singapore_math_hacks's video! #TikTok https://t.co/FsxVKfVO11",1897843235386802281,1897843235386802281,1815963988745936898,Education,4,4
2025-03-05T06:45:00.000Z,0,0,0,0,0,106,"Purr-fect partnership!üòªFind out how citizens can partner the government for a better Singapore, through initiatives like the Cat Management Framework: https://t.co/u5JCG5fJ2E https://t.co/QwtnAQ0rCq",1897176501134537210,1897176501134537210,1527152922,Pets & Animals,106,106
2025-03-06T06:15:51.000Z,0,0,0,0,0,15,[KPOP IN PUBLIC | SIDECAM] GOT7 - 'PYTHON' DANCE COVER | GRID SINGAPORE https://t.co/PilNTZZdMF via @YouTube,1897531555620507701,1897531555620507701,976125373120499712,Music,15,15
2025-03-05T13:40:59.000Z,0,0,0,0,0,5,Why this Billionaire chose Thailand over the US and Singapore for life https://t.co/aMUfHkQNob via @YouTube,1897281188580220955,1897281188580220955,75423635,News & Politics,5,5
2025-03-04T23:16:16.000Z,14,0,18,0,0,418,"Check out Thann Singapore's video! #TikTok https://t.co/xNZdjOfAqA

@MSuppasit 
#MewSuppasit
#‡∏°‡∏¥‡∏ß‡∏®‡∏∏‡∏†‡∏®‡∏¥‡∏©‡∏è‡πå",1897063572989206986,1897063572989206986,883586649338265600,How-to & Style,450,450
2025-03-03T13:06:48.000Z,14,0,18,0,1,299,"10K like go go go üí™üí™üí™üí™

Lihat video GRAZIA Singapore! #TikTok https://t.co/l0XazcLQwE",1896547809974968430,1896547809974968430,1696088504110047232,How-to & Style,332,332
2025-03-02T16:33:27.000Z,2,1,3,0,2,272,"Ment 1

This is where he started the blind date concept, and when he asked if he's still ok (as in a good catch?), he got shy himself he's so cuteeeee. And dude too much tongue again argh ü´†

Full: https://t.co/pExTPDrDj1

#YESUNG #2025_YESUNG_CONCERT_Its_Complicated_in_SINGAPORE https://t.co/Xw24s4bynO",1896237426420674900,1896237426420674900,1289369968484610048,Music,280,280
2025-03-06T15:29:59.000Z,0,0,0,0,0,50,"#Srchafreen
Check out GRAZIA Singapore's video! #TikTok https://t.co/QnLVzEpERU",1897671005197173067,1897671005197173067,1754933447322169344,How-to & Style,50,50
2025-03-05T13:12:57.000Z,4,0,5,0,1,136,Lihat video GRAZIA Singapore! #TikTok https://t.co/U0pZZCw3SU,1897274133584781491,1897274133584781491,1696088504110047232,How-to & Style,146,146
2025-03-02T04:28:27.000Z,0,0,4,0,0,48,"Hey everyoneüëãüèª, please help to like, share and subscribe to my YouTube channel. Thank you! 

https://t.co/4DU7yJWIuS",1896054974221832296,1896054974221832296,579971885,People & Blogs,52,52
2025-03-06T22:59:57.000Z,0,0,0,0,0,5,"20241005 TikTok Live 13 (Primary 5) 

Check out singapore_math_hacks's video! #TikTok https://t.co/1q0hBDL9z4",1897784244493271320,1897784244493271320,1815963988745936898,Education,5,5
2025-03-02T22:56:36.000Z,2,0,15,0,0,230,COMPANIONS OF HELLFIRE (SINGAPORE)  CODEX ANTICHRISTUS (FULL DEMO) https://t.co/8HxnD7PDBJ via @YouTube,1896333847744393400,1896333847744393400,949823764149219328,Music,247,247
2025-03-03T07:25:23.000Z,69,0,89,2,1,1051,"Check out GRAZIA Singapore's video! 

üîó https://t.co/VstjpAeBCc

#GRAZIASingapore
#ValentinoFW25xFreen
#VALENTINOGARAVANI
#srchafreen #FreenSarocha",1896461888671887676,1896461888671887676,1618925885884858370,How-to & Style,1212,1212
2025-03-08T02:25:03.000Z,1,0,2,0,1,1319,"Should you marry for a home? Singapore‚Äôs famous public housing system is not without its own social quirks. 

@DextLow explains https://t.co/i3OFw4VAGR https://t.co/N62MYAo1jy",1898198248654872771,1898198248654872771,252751061,News & Politics,1323,1323
2025-03-07T12:53:27.000Z,0,0,0,0,0,7,"20241011 TikTok Live 17 (Primary 5) 

Check out singapore_math_hacks's video! #TikTok https://t.co/uVSu15E6bH",1897994002978554230,1897994002978554230,1815963988745936898,Education,7,7
2025-03-03T10:58:16.000Z,23,0,24,0,0,321,Check out GRAZIA Singapore's video! #TikTok https://t.co/W0uygGXyXb,1896515464672804919,1896515464672804919,1708052559724994560,How-to & Style,368,368
2025-03-07T02:03:33.000Z,1,0,8,0,2,304,"@unraveaero Now Tourist Singapore river was cleaned in a few years.

This is a great story well narrated here

https://t.co/kzlExhTvbJ https://t.co/BhSPL32lwc",1897830450317729951,1897830450317729951,171962385,Travel & Events,315,315
2025-03-07T03:46:39.000Z,0,0,0,0,0,4,"https://t.co/FmwRnPfqya

Change india to indonesia, we have the same problem.",1897856395254628463,1897856395254628463,1476067348687720448,News & Politics,4,4
2025-03-03T23:31:27.000Z,0,0,0,0,0,16,How Lee Kuan Yew Made Singapore - Tony Blair https://t.co/925q15YEri via @YouTube,1896705007090823666,1896705007090823666,509617237,Education,16,16
2025-03-07T04:29:56.000Z,0,0,1,0,0,84,"India claims to be a Superpower, ü§î sure, anyone can.

#India #Pakistan #Bangladesh #Maldives #Nepal #Australia #Singapore #Malaysia #Indonesia #Thailand #Japan #SouthKorea #China

https://t.co/VKI8TzjUek",1897867286226026949,1897867286226026949,746293897551183872,News & Politics,85,85
2025-03-04T15:27:06.000Z,0,0,3,0,0,428,"@cb_doge I think the featured band is responsible for the ElectroMagnetic Spectrum Song ‚ö°Ô∏èüß≤üåàüåûüíéüß¨üö¶
‚ù§Ô∏èüß°üíõüíöüíôüíú‚ù§Ô∏èüß°üíõüíöüíôüíú‚ù§Ô∏èüß°üíõüíöüíôüíú
https://t.co/tuqypxq2Lt",1896945505768477116,1896945505768477116,1507523158928150532,Music,431,431
2025-03-07T21:48:09.000Z,0,0,0,0,0,4,"20241012 TikTok Live 18 (Primary 4) 

Check out singapore_math_hacks's video! #TikTok https://t.co/I2rXjjlQ96",1898128562781389256,1898128562781389256,1815963988745936898,Education,4,4
2025-03-06T07:26:17.000Z,0,0,0,0,0,1,Lihat video GRAZIA Singapore! #TikTok https://t.co/NQbY1nMoct,1897549279763517709,1897549279763517709,1849909725913284611,How-to & Style,1,1
2025-03-07T08:40:34.000Z,0,0,0,0,0,4,Lihat video GRAZIA Singapore! #TikTok https://t.co/W8rvN4g3Ho,1897930361541476737,1897930361541476737,1849909725913284611,How-to & Style,4,4
